{"cameraMode":{"drawMode":0,"name":"Shaded","section":"Shading Mode"},"sceneLighting":false,"audioPlay":false,"sceneViewState":{"showFog":true,"showMaterialUpdate":false,"showSkybox":false,"showFlares":true,"showImageEffects":true,"showParticleSystems":true},"in2DMode":false,"pivot":{"x":0.02737099677324295,"y":0.05454127863049507,"z":-1.156916856765747},"rotation":{"x":0.03028351441025734,"y":-0.037478007376194,"z":0.001135856844484806,"w":0.9988402128219605},"size":0.4138985574245453,"orthographic":false}