{"cameraMode":{"drawMode":0,"name":"Shaded","section":"Shading Mode"},"sceneLighting":true,"audioPlay":false,"sceneViewState":{"showFog":true,"showMaterialUpdate":false,"showSkybox":true,"showFlares":true,"showImageEffects":true,"showParticleSystems":true},"in2DMode":false,"pivot":{"x":7.592049598693848,"y":-4.516624450683594,"z":-6.254136085510254},"rotation":{"x":-0.14719387888908387,"y":-0.579991340637207,"z":0.10752522200345993,"w":-0.7939661145210266},"size":15.459525108337403,"orthographic":false}